{
    "loss": 22.293712615966797,
    "accuracy": 0.5179855823516846
}