{
    "loss": 5.172989368438721,
    "accuracy": 0.5611510872840881
}