{
    "loss": 23.126075744628906,
    "accuracy": 0.5179855823516846
}