{
    "loss": 13.915154457092285,
    "accuracy": 0.5467625856399536
}