{
    "loss": 21.00810432434082,
    "accuracy": 0.48201438784599304
}